"cnpj","razaosocial","datafundacao","cep","cnae","pep","created_at","updated_at","version","membrodesde"
"01284430000145",D&P CONSTRUÇÕES E SERVIÇOS LTDA,1996-07-03 00:00:00.000 -0300,"59650000","7112000",N,2023-01-07 20:55:07.413 -0300,2023-01-07 20:55:07.413 -0300,0,2021-05-12 15:55:21.000 -0300
"05928766000154",SUPR INFO SOLUCOES E TECNOLOGIA LTDA,2003-02-18 00:00:00.000 -0300,"44380000","4329104",N,2023-01-07 20:55:07.413 -0300,2023-01-07 20:55:07.413 -0300,0,2022-05-12 08:28:02.000 -0300
"07895759000129",energia solar por do sol ,2006-03-22 00:00:00.000 -0300,"78280000","",N,2023-01-07 20:55:10.238 -0300,2023-01-07 20:55:10.238 -0300,0,2021-06-17 12:03:37.000 -0300
"08528147000160","Sistecon - Serviços em Sistemas Elétricos, Tecnologia e Consultoria Ltda",2006-12-15 00:00:00.000 -0200,"66053320","4221902",N,2023-01-07 20:55:10.238 -0300,2023-01-07 20:55:10.238 -0300,0,2021-11-01 14:55:15.000 -0300
"13407562000104",DELETRICA INSTALACOES EIRELI,2011-03-23 00:00:00.000 -0300,"61920710","4321500",N,2023-01-07 20:55:10.238 -0300,2023-01-07 20:55:10.238 -0300,0,2022-04-26 08:09:30.000 -0300
"13731254000121",Magno Barbosa Souza 12787436773,2011-05-31 00:00:00.000 -0300,"28200000","3313901",N,2023-01-07 20:55:10.238 -0300,2023-01-07 20:55:10.238 -0300,0,2021-05-03 12:13:58.000 -0300
"14387677000139",COSTA DO SOL SOLAR LTDA,2011-09-30 00:00:00.000 -0300,"28922000","4321500",N,2023-01-07 20:55:10.238 -0300,2023-01-07 20:55:10.238 -0300,0,2022-08-12 10:01:36.000 -0300
"14989720000136",TRENAS CONSTRUCOES E SERVICOS EIRELI,2012-02-02 00:00:00.000 -0200,"29904120","4120400",N,2023-01-07 20:55:10.238 -0300,2023-01-07 20:55:10.238 -0300,0,2023-01-05 16:26:19.000 -0300
"16503299000137",ELITECLIMA INDUSTRIA E COMERCIO LTDA,2012-06-26 00:00:00.000 -0300,"15077020","2823200",N,2023-01-07 20:55:10.238 -0300,2023-01-07 20:55:10.238 -0300,0,2020-10-01 17:13:28.000 -0300
"17427487000196",SOLUZ SOLAR LTDA,2013-01-17 00:00:00.000 -0200,"79094010","4321500",N,2023-01-07 20:55:10.238 -0300,2023-01-07 20:55:10.238 -0300,0,2022-10-19 10:45:31.000 -0300
"17536807000146",SOLSUL INDUSTRIA COMERCIO IMPORTACAO E EXPORTACAO LTDA,2013-02-04 00:00:00.000 -0200,"99560000","4759899",N,2023-01-07 20:55:10.238 -0300,2023-01-07 20:55:10.238 -0300,0,2022-09-06 14:37:50.000 -0300
"17575391000175",,,,,N,2023-01-07 20:55:10.238 -0300,2023-01-07 20:55:10.238 -0300,0,2023-01-05 19:08:13.000 -0300
"18414014000117",INFOTECSOLAR COMÉRCIO DE MÁQUINAS E EQUIPAMENTOS DE INFORMÁTICA E ENERGIA SOLAR EIRELI,2013-07-03 00:00:00.000 -0300,"68250000","4614100",N,2023-01-07 20:55:10.238 -0300,2023-01-07 20:55:10.238 -0300,0,2021-11-08 10:51:52.000 -0300
"18577660000103",SIEL ENGENHARIA LTDA,2013-07-30 00:00:00.000 -0300,"66813750","4120400",N,2023-01-07 20:55:10.238 -0300,2023-01-07 20:55:10.238 -0300,0,2020-12-15 13:53:03.000 -0300
"21314330000121",f r guimarães obras de montagem,2014-10-30 00:00:00.000 -0200,"13178381","4669999",N,2023-01-07 20:55:10.238 -0300,2023-01-07 20:55:10.238 -0300,0,2022-03-23 12:04:45.000 -0300
"21894000000152",Darlan Gonçalves de Souza 12287132600 Ltda,2015-02-19 00:00:00.000 -0200,"36830000","9511800",N,2023-01-07 20:55:10.238 -0300,2023-01-07 20:55:10.238 -0300,0,2022-01-31 16:59:44.000 -0300
"22048916000154",JOAMERSON FELIX CORTE CORREIA 10564414450,2015-03-13 00:00:00.000 -0300,"56322546","4322302",N,2023-01-07 20:55:10.238 -0300,2023-01-07 20:55:10.238 -0300,0,2021-08-23 15:17:07.000 -0300
"22071212000100",ERIVELTON L DA SILVA,2015-03-18 00:00:00.000 -0300,"77824100","4669999",N,2023-01-07 20:55:10.238 -0300,2023-01-07 20:55:10.238 -0300,0,2021-11-01 15:19:23.000 -0300
"22201942000170",REOBOTE VCA ENERGIA SOLAR LTDA,2015-04-07 00:00:00.000 -0300,"45055235","3321000",N,2023-01-07 20:55:10.238 -0300,2023-01-07 20:55:10.238 -0300,0,2022-12-04 21:07:48.000 -0300
"22214485000159",LUCIANO GONCALVES DOS SANTOS,2015-04-08 00:00:00.000 -0300,"74954170","4751201",N,2023-01-07 20:55:10.238 -0300,2023-01-07 20:55:10.238 -0300,0,2020-08-13 17:30:48.000 -0300
"22289470000150",HARYTEC PROJETOS E SERVICOS ELETRICOS LTDA,2015-04-17 00:00:00.000 -0300,"59650000","4744099",N,2023-01-07 20:55:10.238 -0300,2023-01-07 20:55:10.238 -0300,0,2020-10-27 15:50:29.000 -0300
"22647040000162",AL DO NASCIMENTO ENGENHARIA EIRELI,2015-05-26 00:00:00.000 -0300,"64055295","4120400",N,2023-01-07 20:55:10.238 -0300,2023-01-07 20:55:10.238 -0300,0,2022-03-14 13:46:26.000 -0300
"22687759000127",Goyaz Solar LTDA,2015-06-19 00:00:00.000 -0300,"74893550","7319002",N,2023-01-07 20:55:10.238 -0300,2023-01-07 20:55:10.238 -0300,0,2022-02-25 11:00:48.000 -0300
"22831000000176",JEANDERSON GONCALVES DE SOUZA ALVES 09837570466,2015-07-13 00:00:00.000 -0300,"57100000","8599604",N,2023-01-07 20:55:10.238 -0300,2023-01-07 20:55:10.238 -0300,0,2022-03-30 11:32:13.000 -0300
"23441210000110",JVT REINALDO AUTOMACAO E INTEGRACAO TECNOLOGICA,2015-10-08 00:00:00.000 -0300,"63020005","6209100",N,2023-01-07 20:55:10.238 -0300,2023-01-07 20:55:10.238 -0300,0,2022-10-11 16:41:54.000 -0300
"23531867000179",I9 CONSULTORIA AMBIENTAL E SEGURANÇA DO TRABALHO LTDA,2015-10-23 00:00:00.000 -0200,"57800000","4321500",N,2023-01-07 20:55:10.238 -0300,2023-01-07 20:55:10.238 -0300,0,2021-03-09 15:49:10.000 -0300
"23630913000197",COSTA ARANHA ENGENHARIA E CONSULTORIA LTDA,2015-11-10 00:00:00.000 -0200,"65064427","7112000",N,2023-01-07 20:55:10.238 -0300,2023-01-07 20:55:10.238 -0300,0,2020-05-08 11:33:11.000 -0300
"23813822000197",DANIEL FREDERICO DE MIRANDA 51868687104,2015-12-09 00:00:00.000 -0200,"79110080","7319002",N,2023-01-07 20:55:10.238 -0300,2023-01-07 20:55:10.238 -0300,0,2022-10-19 18:49:56.000 -0300
"24038706000100",F.Leandro Verçosa - Net,2016-01-22 00:00:00.000 -0200,"60355512","6110803",N,2023-01-07 20:55:10.238 -0300,2023-01-07 20:55:10.238 -0300,0,2022-02-23 16:46:53.000 -0300
"24106974000112",Senergy Soluções em Energia Sustentável LTDA,2016-01-28 00:00:00.000 -0200,"95860000","4789099",N,2023-01-07 20:55:10.238 -0300,2023-01-07 20:55:10.238 -0300,0,2022-02-15 16:21:59.000 -0300
"25225516000165",Y ALEF F. DOS SANTOS,2016-07-18 00:00:00.000 -0300,"65700000","4329104",N,2023-01-07 20:55:10.238 -0300,2023-01-07 20:55:10.238 -0300,0,2021-09-02 16:22:28.000 -0300
"25340728000193",ANA PAULA PESSOA LIMA 12518892710,2016-08-02 00:00:00.000 -0300,"23020810","4321500",N,2023-01-07 20:55:10.238 -0300,2023-01-07 20:55:10.238 -0300,0,2021-09-30 17:49:25.000 -0300
"26115990000105",LUCAS ALEF CARNEIRO DA SILVA CARNEIRO 05964361579,2016-09-06 00:00:00.000 -0300,"44640000","4321500",N,2023-01-07 20:55:10.238 -0300,2023-01-07 20:55:10.238 -0300,0,2022-11-30 22:26:36.000 -0300
"26131390000122",JULIO MARIA BARBOSA ,,,,N,2023-01-07 20:55:10.238 -0300,2023-01-07 20:55:10.238 -0300,0,2023-01-04 00:01:39.000 -0300
"26351293000145",Pedro Ivo Rodrigues Ferreira Fernandes,2016-10-14 00:00:00.000 -0300,"78074012","4321500",N,2023-01-07 20:55:10.238 -0300,2023-01-07 20:55:10.238 -0300,0,2021-05-31 09:33:53.000 -0300
"26615473000197",RG2 ENGENHARIA LTDA,2016-11-28 00:00:00.000 -0200,"42707350","7112000",N,2023-01-07 20:55:10.238 -0300,2023-01-07 20:55:10.238 -0300,0,2021-02-26 17:57:44.000 -0300
"26644162000156",BARBOSA & SANTOS CONSTRUCOES LTDA,2016-12-01 00:00:00.000 -0200,"57420000","4120400",N,2023-01-07 20:55:10.238 -0300,2023-01-07 20:55:10.238 -0300,0,2022-08-15 14:11:04.000 -0300
"26785886000110",Kelvin Saldanha Moreira,2017-01-02 00:00:00.000 -0200,"79009760","4322301",N,2023-01-07 20:55:10.238 -0300,2023-01-07 20:55:10.238 -0300,0,2021-12-16 14:08:30.000 -0300
"27090499000121",GILVAD PAINEIS SOLARES LTDA ,2017-02-13 00:00:00.000 -0200,"85990000","4322302",N,2023-01-07 20:55:10.238 -0300,2023-01-07 20:55:10.238 -0300,0,2022-01-31 10:07:13.000 -0300
"27132874000159",PACTO INDUSTRIA LTDA,2017-02-16 00:00:00.000 -0200,"74083330","2731700",N,2023-01-07 20:55:10.238 -0300,2023-01-07 20:55:10.238 -0300,0,2023-01-03 14:34:31.000 -0300
"27415481000152",SUN BEST DISTRIBUIDORA DE TECNOLOGIA LTDA,2017-03-29 00:00:00.000 -0300,"13478500","4292802",N,2023-01-07 20:55:10.238 -0300,2023-01-07 20:55:10.238 -0300,0,2023-01-05 15:22:31.000 -0300
"27425711000164",M M DA SILVA ENGENHARIA,2017-03-30 00:00:00.000 -0300,"61936130","3321000",N,2023-01-07 20:55:10.238 -0300,2023-01-07 20:55:10.238 -0300,0,2021-06-22 17:24:20.000 -0300
"27428443000134",BRUNO RADAMES TOMAZ DA SILVA,2017-03-30 00:00:00.000 -0300,"59080105","4321500",N,2023-01-07 20:55:10.238 -0300,2023-01-07 20:55:10.238 -0300,0,2022-02-24 12:11:23.000 -0300
"27832878000140",C.E DA SILVA FIGUEIREDO EIRELI,2017-05-26 00:00:00.000 -0300,"28015020","3321000",N,2023-01-07 20:55:10.238 -0300,2023-01-07 20:55:10.238 -0300,0,2020-11-27 16:28:22.000 -0300
"28563409000135",PLANEJJA ENGENHARIA E CONSTRUCOES LTDA,2017-09-01 00:00:00.000 -0300,"59050182","7112000",N,2023-01-07 20:55:10.238 -0300,2023-01-07 20:55:10.238 -0300,0,2021-03-24 09:27:36.000 -0300
"28656513000174",Mayra Lidia Gomes Dos Santos,2017-09-16 00:00:00.000 -0300,"31842510","2500000",N,2023-01-07 20:55:10.238 -0300,2023-01-07 20:55:10.238 -0300,0,2023-01-01 03:00:39.000 -0300
"28676867000180",SOLUTEC INSTALACAO E MANUTENCAO ELETRICA EIRELI,2017-09-19 00:00:00.000 -0300,"77828394","4321500",N,2023-01-07 20:55:10.238 -0300,2023-01-07 20:55:10.238 -0300,0,2020-02-07 09:33:36.000 -0300
"28757129000168",CLEIDIANO FREITAS MORENO,2017-09-29 00:00:00.000 -0300,"63475000","3313901",N,2023-01-07 20:55:10.238 -0300,2023-01-07 20:55:10.238 -0300,0,2020-10-15 10:51:26.000 -0300
"28806808000180",SOLPLAN CONSULTORIA ENERGETICA LTDA,2017-10-06 00:00:00.000 -0300,"16018000","4321500",N,2023-01-07 20:55:10.238 -0300,2023-01-07 20:55:10.238 -0300,0,2020-09-29 11:08:27.000 -0300
"28810736000144",BRASOLARE BRASIL SOLAR ENERGIA LTDA,2017-10-06 00:00:00.000 -0300,"68040050","4742300",N,2023-01-07 20:55:10.238 -0300,2023-01-07 20:55:10.238 -0300,0,2020-10-28 12:37:27.000 -0300
"28906333000101",Vinicius Goretti Tresse 08560302956,2017-10-20 00:00:00.000 -0200,"86047090","4321500",N,2023-01-07 20:55:10.238 -0300,2023-01-07 20:55:10.238 -0300,0,2022-03-10 14:06:13.000 -0300
"29018668000148",POP ENERGY - ENERGIA SOLAR LTDA,2017-11-07 00:00:00.000 -0200,"60743700","7112000",N,2023-01-07 20:55:10.238 -0300,2023-01-07 20:55:10.238 -0300,0,2021-10-14 11:50:53.000 -0300
"29462955000142",M&P ENERGY PRIME COMERCIO LTDA,2018-01-17 00:00:00.000 -0200,"75945000","4321500",N,2023-01-07 20:55:10.238 -0300,2023-01-07 20:55:10.238 -0300,0,2020-02-20 09:46:51.000 -0300
"29499883000108",Auto Peças,2018-01-22 00:00:00.000 -0200,"03980000","4520001",N,2023-01-07 20:55:10.238 -0300,2023-01-07 20:55:10.238 -0300,0,2023-01-05 23:43:51.000 -0300
"29502365000104",Gotardo Peixoto Faria 01437543600,2018-01-23 00:00:00.000 -0200,"36830000","4321500",N,2023-01-07 20:55:10.238 -0300,2023-01-07 20:55:10.238 -0300,0,2020-02-17 14:58:57.000 -0300
"29971972000105",Rogério Amorim Borges 80989373568,2018-03-19 00:00:00.000 -0300,"42710140","4321500",N,2023-01-07 20:55:10.238 -0300,2023-01-07 20:55:10.238 -0300,0,2022-03-30 13:59:32.000 -0300
"30598923000158",NEW LIGHT SOLAR LTDA,2018-06-01 00:00:00.000 -0300,"78280000","4321500",N,2023-01-07 20:55:10.238 -0300,2023-01-07 20:55:10.238 -0300,0,2022-05-18 09:39:51.000 -0300
"31424833000103",Flavio Eduardo Dias 29108393893,2018-09-04 00:00:00.000 -0300,"13185210","4742300",N,2023-01-07 20:55:10.238 -0300,2023-01-07 20:55:10.238 -0300,0,2022-03-21 13:29:44.000 -0300
"31778284000175",Sol Brasil Curitiba Instalações Energia Solar Ltda.,2018-10-16 00:00:00.000 -0300,"80620280","4321500",N,2023-01-07 20:55:10.238 -0300,2023-01-07 20:55:10.238 -0300,0,2021-09-17 11:16:41.000 -0300
"31918175000106",SOL ENGENHARIA & ENERGIA SOLAR LTDA,2018-11-01 00:00:00.000 -0300,"65790000","7112000",N,2023-01-07 20:55:10.238 -0300,2023-01-07 20:55:10.238 -0300,0,2020-12-09 14:44:49.000 -0300
"31939373000156",Instal Solar Soluções em Energia Sustentável Ltda,2018-11-05 00:00:00.000 -0200,"93180000","4321500",N,2023-01-07 20:55:10.238 -0300,2023-01-07 20:55:10.238 -0300,0,2021-12-28 16:23:44.000 -0300
"31969716000125",RAYANE MICHELE RIBEIRO PEREIRA ,2018-11-08 00:00:00.000 -0200,"64690000","4742300",N,2023-01-07 20:55:10.238 -0300,2023-01-07 20:55:10.238 -0300,0,2021-01-18 15:34:38.000 -0300
"32061653000177",João Paulo Santos da Rocha ,2018-11-21 00:00:00.000 -0200,"45037358","7319002",N,2023-01-07 20:55:10.238 -0300,2023-01-07 20:55:10.238 -0300,0,2021-01-19 09:44:15.000 -0300
"32318567000105",LUMINOUS SOLUCOES EM ENERGIA LTDA,2018-12-27 00:00:00.000 -0200,"64001545","4321500",N,2023-01-07 20:55:10.238 -0300,2023-01-07 20:55:10.238 -0300,0,2020-10-28 10:38:17.000 -0300
"32331401000110",LEONARDO MIGOTTI 32003289836,2019-01-02 00:00:00.000 -0200,"13484012","4321500",N,2023-01-07 20:55:10.238 -0300,2023-01-07 20:55:10.238 -0300,0,2021-05-15 16:36:20.000 -0300
"32530188000176",ECOTECH ENGENHARIA PROJETOS E SOLUCOES EM ENERGIA,2019-01-22 00:00:00.000 -0200,"79004000","4321500",N,2023-01-07 20:55:10.238 -0300,2023-01-07 20:55:10.238 -0300,0,2021-02-15 16:50:07.000 -0300
"32739025000106",BRUNO NUNES FERREIRA,2019-02-12 00:00:00.000 -0200,"69068130","4789099",N,2023-01-07 20:55:10.238 -0300,2023-01-07 20:55:10.238 -0300,0,2021-11-13 15:26:19.000 -0300
"32795425000120",ALINE PINHEIRO DE SOUZA EIRELI,2019-02-18 00:00:00.000 -0300,"79570000","4742300",N,2023-01-07 20:55:10.238 -0300,2023-01-07 20:55:10.238 -0300,0,2022-10-29 10:00:09.000 -0300
"32804184000139",PROJETAR ENERGIA SOLAR EIRELI,2019-02-18 00:00:00.000 -0300,"38740110","7112000",N,2023-01-07 20:55:10.238 -0300,2023-01-07 20:55:10.238 -0300,0,2021-05-31 09:59:46.000 -0300
"32972975000178",GRUPO SUN ENERGY LTDA,2019-03-08 00:00:00.000 -0300,"13465590","8211300",N,2023-01-07 20:55:12.927 -0300,2023-01-07 20:55:12.927 -0300,0,2022-06-21 16:34:51.000 -0300
"32982765000160",FRANCISCO TORRES SOBRINHO,2019-03-11 00:00:00.000 -0300,"61913080","2731700",N,2023-01-07 20:55:12.927 -0300,2023-01-07 20:55:12.927 -0300,0,2020-07-24 14:30:11.000 -0300
"33251867000179","RODRIGUES, ALENCAR, LUSTOSA & CAETANO LTDA",2019-04-04 00:00:00.000 -0300,"64053120","4321500",N,2023-01-07 20:55:12.927 -0300,2023-01-07 20:55:12.927 -0300,0,2020-09-30 09:59:50.000 -0300
"33321900000190",EDUARDO DE MEDEIROS 02860261044,2019-04-10 00:00:00.000 -0300,"88062450","4321500",N,2023-01-07 20:55:12.927 -0300,2023-01-07 20:55:12.927 -0300,0,2022-03-29 17:47:42.000 -0300
"33524236000186",TRIZ ENERGY INSTALACOES E MANUTENCOES,2019-05-03 00:00:00.000 -0300,"41820021","4321500",N,2023-01-07 20:55:12.927 -0300,2023-01-07 20:55:12.927 -0300,0,2021-12-07 17:04:02.000 -0300
"33558700000155",KAIO CESAR ENGENHARIA LTDA,2019-05-08 00:00:00.000 -0300,"59380000","4321500",N,2023-01-07 20:55:12.927 -0300,2023-01-07 20:55:12.927 -0300,0,2023-01-04 10:40:25.000 -0300
"33608452000100",EDUARDO ALEXANDRE DE OLIVEIRA BALIELO LTDA,2019-05-13 00:00:00.000 -0300,"38406568","4321500",N,2023-01-07 20:55:12.927 -0300,2023-01-07 20:55:12.927 -0300,0,2021-12-10 14:08:31.000 -0300
"33693549000168",E.P.CASTRO INSTALACOES ELETRICAS LTDA,2019-05-22 00:00:00.000 -0300,"68509230","4321500",N,2023-01-07 20:55:12.927 -0300,2023-01-07 20:55:12.927 -0300,0,2020-05-12 09:54:47.000 -0300
"33797052000190",Gdf Solar Tecnologia Energia Fotovotaica LTDA ME,2019-05-31 00:00:00.000 -0300,"04307070","4321500",N,2023-01-07 20:55:12.927 -0300,2023-01-07 20:55:12.927 -0300,0,2022-02-17 14:55:11.000 -0300
"33963654000170",Eco Serviços de Engenharia e Energia Solar Eireli,2019-06-18 00:00:00.000 -0300,"68515000","4321500",N,2023-01-07 20:55:12.927 -0300,2023-01-07 20:55:12.927 -0300,0,2021-05-14 10:29:49.000 -0300
"34056589000161",RAFAEL LUCAS GAINO,2019-06-28 00:00:00.000 -0300,"13613190","4744099",N,2023-01-07 20:55:12.927 -0300,2023-01-07 20:55:12.927 -0300,0,2022-12-07 18:19:57.000 -0300
"34060339000103",BJE PORTELA,2019-06-28 00:00:00.000 -0300,"64218490","4321500",N,2023-01-07 20:55:12.927 -0300,2023-01-07 20:55:12.927 -0300,0,2022-02-25 10:16:09.000 -0300
"34313709000169",MAIS SOLUCOES EM ENERGIA RENOVAVEL EIRELI,2019-07-25 00:00:00.000 -0300,"56302902","4742300",N,2023-01-07 20:55:12.927 -0300,2023-01-07 20:55:12.927 -0300,0,2022-05-11 08:31:25.000 -0300
"34346741000140",R. DE C. G. DA SILVA ENERGIA SOLAR EIRELI,2019-07-29 00:00:00.000 -0300,"65913469","4669999",N,2023-01-07 20:55:12.927 -0300,2023-01-07 20:55:12.927 -0300,0,2020-07-24 17:59:46.000 -0300
"34440935000100","SOLZ DO BRASIL ENERGIA SOLAR, ENGENHARIA E CONSTRUÇÕES LTDA",2019-08-06 00:00:00.000 -0300,"13250360","4321500",N,2023-01-07 20:55:12.927 -0300,2023-01-07 20:55:12.927 -0300,0,2022-03-30 15:05:08.000 -0300
"34562774000128",Wagner Reduzino me,2019-08-16 00:00:00.000 -0300,"27213160","4321500",N,2023-01-07 20:55:12.927 -0300,2023-01-07 20:55:12.927 -0300,0,2021-04-28 11:42:56.000 -0300
"34674503000164",DANILO JOSE PEREIRA DA FONTE INDALECIO,2019-08-27 00:00:00.000 -0300,"18618068","4751201",N,2023-01-07 20:55:12.927 -0300,2023-01-07 20:55:12.927 -0300,0,2023-01-05 12:46:13.000 -0300
"35041381000131",Joao Carlos Saraiva da Silva,2019-10-01 00:00:00.000 -0300,"62870000","7319002",N,2023-01-07 20:55:12.927 -0300,2023-01-07 20:55:12.927 -0300,0,2021-09-02 17:17:30.000 -0300
"35099723000174",Catherine Pereira Maia 11241315744,2019-10-07 00:00:00.000 -0300,"26540211","4321500",N,2023-01-07 20:55:12.927 -0300,2023-01-07 20:55:12.927 -0300,0,2021-08-13 10:01:03.000 -0300
"35130104000103",RS SERVIÇOS ELÉTRICOS LTDA,2019-10-09 00:00:00.000 -0300,"59063200","4322301",N,2023-01-07 20:55:12.927 -0300,2023-01-07 20:55:12.927 -0300,0,2022-02-22 11:53:18.000 -0300
"35246661000186",MACRO ENGENHARIA E SERVICOS DE CONSTRUCAO CIVIL LTDA,2019-10-18 00:00:00.000 -0300,"42701370","7112000",N,2023-01-07 20:55:12.927 -0300,2023-01-07 20:55:12.927 -0300,0,2020-08-14 15:38:11.000 -0300
"35324699000120",SOLARYS ENGENHARIA EIRELI,2019-10-28 00:00:00.000 -0300,"76381110","",N,2023-01-07 20:55:12.927 -0300,2023-01-07 20:55:12.927 -0300,0,2021-03-16 10:54:22.000 -0300
"35677953000173",CAIO CESAR OLIVEIRA DOS SANTOS 07209265481,2019-12-02 00:00:00.000 -0300,"63210000","4321500",N,2023-01-07 20:55:12.927 -0300,2023-01-07 20:55:12.927 -0300,0,2023-01-05 10:20:50.000 -0300
"35754295000176",Potência Sollar Eireli,2019-12-10 00:00:00.000 -0300,"74355466","4742300",N,2023-01-07 20:55:12.927 -0300,2023-01-07 20:55:12.927 -0300,0,2020-05-25 23:18:26.000 -0300
"35937991000118",Caio Cesar Sarmento Ismael 06624788356,2020-01-08 00:00:00.000 -0300,"63500119","4321500",N,2023-01-07 20:55:12.927 -0300,2023-01-07 20:55:12.927 -0300,0,2021-05-06 11:08:18.000 -0300
"36036279000100",Alexandre alves kumagay,2020-01-16 00:00:00.000 -0300,"05419020","4530703",N,2023-01-07 20:55:12.927 -0300,2023-01-07 20:55:12.927 -0300,0,2022-12-30 16:50:39.000 -0300
"36047174000157",SOLAR ENGENHARIA E CONSULTORIA FOTOVOLTAICA LTDA,2020-01-17 00:00:00.000 -0300,"49490000","4321500",N,2023-01-07 20:55:12.927 -0300,2023-01-07 20:55:12.927 -0300,0,2020-12-21 10:54:47.000 -0300
"36166008000170",FRANCISCO MARCOS CARVALHO SILVA 52792501391,2020-01-28 00:00:00.000 -0300,"58807055","4321500",N,2023-01-07 20:55:12.927 -0300,2023-01-07 20:55:12.927 -0300,0,2021-08-12 16:55:31.000 -0300
"36190656000161",Rafael del Nery Borella 22498188860,2020-01-30 00:00:00.000 -0300,"16206519","4742300",N,2023-01-07 20:55:12.927 -0300,2023-01-07 20:55:12.927 -0300,0,2021-10-25 14:45:47.000 -0300
"36310601000148",OPTESOLAR ENERGIA RENOVAVEL LTDA,2020-02-10 00:00:00.000 -0300,"72814089","4221902",N,2023-01-07 20:55:12.927 -0300,2023-01-07 20:55:12.927 -0300,0,2020-08-19 10:00:40.000 -0300
"36514367000170",EVOLUCAO SOLAR LTDA,2020-03-02 00:00:00.000 -0300,"55293970","4742300",N,2023-01-07 20:55:12.927 -0300,2023-01-07 20:55:12.927 -0300,0,2020-11-11 17:52:22.000 -0300
"36541260000111",SOLARISA ENERGIA LTDA,2020-03-03 00:00:00.000 -0300,"79035160","7112000",N,2023-01-07 20:55:12.927 -0300,2023-01-07 20:55:12.927 -0300,0,2022-11-25 18:39:52.000 -0300
"36611271000120",WELLINGTON GARCIA VIEIRA 05710874345,2020-03-09 00:00:00.000 -0300,"64920000","3313999",N,2023-01-07 20:55:12.927 -0300,2023-01-07 20:55:12.927 -0300,0,2022-04-13 18:02:21.000 -0300
"36613576000171",Alex Silva Barbosa,2020-03-10 00:00:00.000 -0300,"37170000","4742300",N,2023-01-07 20:55:12.927 -0300,2023-01-07 20:55:12.927 -0300,0,2021-01-15 15:24:57.000 -0300
"36689544000150",Star Energy fotovoltaica  Eireli,2020-03-16 00:00:00.000 -0300,"11577500","4742300",N,2023-01-07 20:55:12.927 -0300,2023-01-07 20:55:12.927 -0300,0,2022-03-11 17:15:53.000 -0300
"36839535000106",VP ENERGIA SOLAR LTDA,2020-04-01 00:00:00.000 -0300,"78010300","3511501",N,2023-01-07 20:55:12.927 -0300,2023-01-07 20:55:12.927 -0300,0,2020-12-15 13:49:29.000 -0300
"36965433000129",MARIO PEREIRA DE MENEZES FILHO 98328123304,2020-04-20 00:00:00.000 -0300,"60822168","4321500",N,2023-01-07 20:55:12.927 -0300,2023-01-07 20:55:12.927 -0300,0,2022-12-13 18:46:19.000 -0300
"37029754000184",Pay Brokers,2020-04-29 00:00:00.000 -0300,"26040350","1412602",N,2023-01-07 20:55:12.927 -0300,2023-01-07 20:55:12.927 -0300,0,2023-01-05 12:08:33.000 -0300
"37074613000183",PAULO FERNANDO DOS SANTOS MARCELINO,2020-05-06 00:00:00.000 -0300,"59695970","4321500",N,2023-01-07 20:55:12.927 -0300,2023-01-07 20:55:12.927 -0300,0,2020-10-13 17:48:46.000 -0300
"37245223000129",JOHN BRENO TOMICHA JUSTINO 03325472133,2020-05-27 00:00:00.000 -0300,"79062641","4742300",N,2023-01-07 20:55:12.927 -0300,2023-01-07 20:55:12.927 -0300,0,2022-08-11 10:57:03.000 -0300
"37380533000156",YLA Energia LTDA,2020-06-10 00:00:00.000 -0300,"68745000","7112000",N,2023-01-07 20:55:12.927 -0300,2023-01-07 20:55:12.927 -0300,0,2021-07-29 14:44:00.000 -0300
"37416166000101",SUZANA M DE CARVALHO BENTO EIRELI,2020-06-15 00:00:00.000 -0300,"65631240","4744099",N,2023-01-07 20:55:12.927 -0300,2023-01-07 20:55:12.927 -0300,0,2022-05-17 21:12:11.000 -0300
"37711961000114",WJS ENGENHARIA ELETRICA LTDA,2020-07-01 00:00:00.000 -0300,"38400450","7112000",N,2023-01-07 20:55:12.927 -0300,2023-01-07 20:55:12.927 -0300,0,2021-01-08 11:46:25.000 -0300
"37792742000107",Vitor Marangoni De Mattia,2020-07-20 00:00:00.000 -0300,"88867000","4742300",N,2023-01-07 20:55:12.927 -0300,2023-01-07 20:55:12.927 -0300,0,2023-01-05 11:48:32.000 -0300
"37875046000164",LUMIERE ENERGIA SOLAR LTDA,2020-07-27 00:00:00.000 -0300,"57306415","4742300",N,2023-01-07 20:55:12.927 -0300,2023-01-07 20:55:12.927 -0300,0,2022-09-21 16:15:13.000 -0300
"37925729000189",G FAGUNDES COSTA,2020-07-31 00:00:00.000 -0300,"65915060","4321500",N,2023-01-07 20:55:12.927 -0300,2023-01-07 20:55:12.927 -0300,0,2021-06-30 12:08:03.000 -0300
"38062330000184",TIAGO MACHADO LEMES ,2020-08-12 00:00:00.000 -0300,"85980000","4321500",N,2023-01-07 20:55:12.927 -0300,2023-01-07 20:55:12.927 -0300,0,2021-09-28 16:18:56.000 -0300
"38155655000101",Maria José Batista,1986-03-22 00:00:00.000 -0300,"58819000","4321500",N,2023-01-07 20:55:12.927 -0300,2023-01-07 20:55:12.927 -0300,0,2021-03-25 15:06:53.000 -0300
"38157435000117",FELIPE ARAUJO BATISTA MESQUITA 00984987118,2020-08-19 00:00:00.000 -0300,"78020800","7319002",N,2023-01-07 20:55:12.927 -0300,2023-01-07 20:55:12.927 -0300,0,2022-01-19 11:26:04.000 -0300
"38286158000142",R1 SOLARES LTDA,2020-08-31 00:00:00.000 -0300,"23825840","4321500",N,2023-01-07 20:55:12.927 -0300,2023-01-07 20:55:12.927 -0300,0,2022-04-22 13:25:11.000 -0300
"39280908000131",,,,,N,2023-01-07 20:55:12.927 -0300,2023-01-07 20:55:12.927 -0300,0,2022-09-15 17:00:56.000 -0300
"39326117000103",JOSUE DA SILVA SOUZA 07417906451,2020-10-06 00:00:00.000 -0300,"58112295","3321000",N,2023-01-07 20:55:12.927 -0300,2023-01-07 20:55:12.927 -0300,0,2022-03-11 13:34:43.000 -0300
"39448045000169",PRIME SOL SOLUCAO EM ENERGIA LTDA,2020-10-16 00:00:00.000 -0300,"28035047","7112000",N,2023-01-07 20:55:12.927 -0300,2023-01-07 20:55:12.927 -0300,0,2022-01-10 14:10:12.000 -0300
"39562655000199",ITALO SILVA REZENDE,2020-10-26 00:00:00.000 -0300,"39400443","4120400",N,2023-01-07 20:55:12.927 -0300,2023-01-07 20:55:12.927 -0300,0,2022-12-27 16:29:25.000 -0300
"39618237000176",PROTEC SERVICES ELETRONICOS EIRELI,2020-10-29 00:00:00.000 -0300,"28994374","4321500",N,2023-01-07 20:55:12.927 -0300,2023-01-07 20:55:12.927 -0300,0,2021-06-16 11:30:09.000 -0300
"39823412000167",INVICTA SOLAR LTDA,2020-11-18 00:00:00.000 -0300,"88745000","4321500",N,2023-01-07 20:55:12.927 -0300,2023-01-07 20:55:12.927 -0300,0,2021-12-03 10:31:38.000 -0300
"39867549000113",RENOVA SOLUCOES EM ENERGIA LTDA.,2020-11-22 00:00:00.000 -0300,"65631220","7112000",N,2023-01-07 20:55:12.927 -0300,2023-01-07 20:55:12.927 -0300,0,2021-05-27 16:37:53.000 -0300
"39927619000181",SEBASTIAN DE SOUZA E SILVA FREITAS 07499858600,2020-11-26 00:00:00.000 -0300,"37120000","4321500",N,2023-01-07 20:55:12.927 -0300,2023-01-07 20:55:12.927 -0300,0,2021-11-26 15:10:03.000 -0300
"40042318000150",JAQUELINE DO CARMO SILVA SANTOS,2020-12-07 00:00:00.000 -0300,"16920000","4321500",N,2023-01-07 20:55:12.927 -0300,2023-01-07 20:55:12.927 -0300,0,2021-03-29 16:02:17.000 -0300
"40186985000106",COMSOL COMERCIO E SOLUCOES EM ENERGIAS LTDA,2020-12-23 00:00:00.000 -0300,"58416600","7112000",N,2023-01-07 20:55:12.927 -0300,2023-01-07 20:55:12.927 -0300,0,2021-02-08 12:30:17.000 -0300
"40528943000106",Gilson de Castro Batista Junior,2021-01-22 00:00:00.000 -0300,"59031630","4619200",N,2023-01-07 20:55:12.927 -0300,2023-01-07 20:55:12.927 -0300,0,2022-01-05 10:54:40.000 -0300
"40578275000121",meyre mayara gomes de oliveira nascimento,2021-01-26 00:00:00.000 -0300,"59655000","4321500",N,2023-01-07 20:55:12.927 -0300,2023-01-07 20:55:12.927 -0300,0,2023-01-04 16:50:43.000 -0300
"40663101000167",IGOR CARLINI SILVA 10964097630,2021-02-01 00:00:00.000 -0300,"35179000","4742300",N,2023-01-07 20:55:12.927 -0300,2023-01-07 20:55:12.927 -0300,0,2022-12-07 14:59:29.000 -0300
"40897591000166",DIOGO GONCALVES CAMARGOS 09461294603,2021-02-18 00:00:00.000 -0300,"38401711","4321500",N,2023-01-07 20:55:12.927 -0300,2023-01-07 20:55:12.927 -0300,0,2022-03-07 09:28:35.000 -0300
"41018624000113",MURIEL BRANDAO DA SILVA ACUNHA 75890550187,2021-02-26 00:00:00.000 -0300,"79092260","4742300",N,2023-01-07 20:55:12.927 -0300,2023-01-07 20:55:12.927 -0300,0,2021-05-12 16:16:11.000 -0300
"41153642000108",JUCIELE SAMIA BRITO DA SILVA,2021-03-09 00:00:00.000 -0300,"65630335","4322301",N,2023-01-07 20:55:12.927 -0300,2023-01-07 20:55:12.927 -0300,0,2022-05-30 12:17:51.000 -0300
"41421527000177","41.421.527/0001-77",2021-03-30 00:00:00.000 -0300,"50010000","8599604",N,2023-01-07 20:55:12.927 -0300,2023-01-07 20:55:12.927 -0300,0,2023-01-03 09:49:37.000 -0300
"41732904000199",SAMUEL MENDES DIAS 43323300807,2021-04-28 00:00:00.000 -0300,"19914080","4321500",N,2023-01-07 20:55:12.927 -0300,2023-01-07 20:55:12.927 -0300,0,2022-03-29 17:22:54.000 -0300
"41867942000159",FRANCISCO AGACY GOMES DE OLIVEIRA 01299277403,2021-05-07 00:00:00.000 -0300,"59700000","4321500",N,2023-01-07 20:55:12.927 -0300,2023-01-07 20:55:12.927 -0300,0,2022-12-16 13:35:41.000 -0300
"41918941000196",YARIS SOLAR LTDA,2021-05-12 00:00:00.000 -0300,"13478712","4292802",N,2023-01-07 20:55:12.927 -0300,2023-01-07 20:55:12.927 -0300,0,2021-06-17 11:38:57.000 -0300
"41985456000135",KB SOLAR ENGENHARIA LTDA,2021-05-18 00:00:00.000 -0300,"77950000","4742300",N,2023-01-07 20:55:12.927 -0300,2023-01-07 20:55:12.927 -0300,0,2022-06-27 13:26:24.000 -0300
"42191911000193",OTAVIO LEMES BITENCOURT 00181991004,2021-06-03 00:00:00.000 -0300,"96080140","4321500",N,2023-01-07 20:55:12.927 -0300,2023-01-07 20:55:12.927 -0300,0,2022-10-20 18:51:58.000 -0300
"42594411000100",MAURICIO FERREIRA DE SOUZA 04372587694,2021-07-05 00:00:00.000 -0300,"32070620","3321000",N,2023-01-07 20:55:12.927 -0300,2023-01-07 20:55:12.927 -0300,0,2022-07-29 18:11:19.000 -0300
"42744410000197",AGORA ENERGIA,2021-07-16 00:00:00.000 -0300,"72548705","4321500",N,2023-01-07 20:55:12.927 -0300,2023-01-07 20:55:12.927 -0300,0,2021-11-30 11:52:16.000 -0300
"43277485000178",HSD ENERGIA SOLAR ORLANDIA LTDA,2021-08-25 00:00:00.000 -0300,"14620000","4321500",N,2023-01-07 20:55:12.927 -0300,2023-01-07 20:55:12.927 -0300,0,2021-09-15 12:16:06.000 -0300
"43504197000109",ELM ENERGIA SOLAR LTDA,2021-09-14 00:00:00.000 -0300,"24320570","6209100",N,2023-01-07 20:55:12.927 -0300,2023-01-07 20:55:12.927 -0300,0,2023-01-03 10:43:39.000 -0300
"43708217000163",FERREIRA E GONÇALVES EMPREENDIMENTOS LIMITADA,2021-09-29 00:00:00.000 -0300,"59020200","4321500",N,2023-01-07 20:55:12.927 -0300,2023-01-07 20:55:12.927 -0300,0,2022-04-07 15:21:12.000 -0300
"44430420000183",STAR ENGENHARIA INSTALACAO E MANUTENCAO ELETRICA LTDA,2021-11-30 00:00:00.000 -0300,"68695000","4321500",N,2023-01-07 20:55:12.927 -0300,2023-01-07 20:55:12.927 -0300,0,2023-01-03 10:21:59.000 -0300
"44511593000126",LAURETE DA SILVA LTDA,2021-12-07 00:00:00.000 -0300,"16920000","4321500",N,2023-01-07 20:55:12.927 -0300,2023-01-07 20:55:12.927 -0300,0,2022-12-29 12:57:35.000 -0300
"45142377000113",Verissimo comunicacoes.mei,2022-02-03 00:00:00.000 -0300,"62620000","5813100",N,2023-01-07 20:55:12.927 -0300,2023-01-07 20:55:12.927 -0300,0,2023-01-04 13:39:31.000 -0300
"45479170000139",jean Carlos ,,,,N,2023-01-07 20:55:12.927 -0300,2023-01-07 20:55:12.927 -0300,0,2023-01-06 00:30:38.000 -0300
"45720115000199",ANGELO FRANCISCO DA COSTA NETO 83036440330,2022-03-21 00:00:00.000 -0300,"64004610","4321500",N,2023-01-07 20:55:12.927 -0300,2023-01-07 20:55:12.927 -0300,0,2022-12-30 07:33:12.000 -0300
"45862116000178",JOSIANE RIBEIRO SILVA 11344948669,2022-03-31 00:00:00.000 -0300,"32110490","7319002",N,2023-01-07 20:55:12.927 -0300,2023-01-07 20:55:12.927 -0300,0,2023-01-02 11:45:46.000 -0300
"45862306000195",RODRIGO DE OLIVEIRA LOPEZ 04986306928,2022-03-31 00:00:00.000 -0300,"85869715","7319002",N,2023-01-07 20:55:12.927 -0300,2023-01-07 20:55:12.927 -0300,0,2023-01-05 17:30:42.000 -0300
"46378613000168",SANTA FE ENERGIA FOTOVOLTAICA LTDA,2022-05-13 00:00:00.000 -0300,"15775000","4669999",N,2023-01-07 20:55:12.927 -0300,2023-01-07 20:55:12.927 -0300,0,2023-01-03 14:52:13.000 -0300
"47474139000130",Maria Angela de Lima bresio,2022-08-08 00:00:00.000 -0300,"18560000","5912099",N,2023-01-07 20:55:12.927 -0300,2023-01-07 20:55:12.927 -0300,0,2023-01-06 16:35:18.000 -0300
"48021566000126",OFB CONSULTORIA EMPRESARIAL LIMITADA,2022-09-20 00:00:00.000 -0300,"04060003","7020400",N,2023-01-07 20:55:12.927 -0300,2023-01-07 20:55:12.927 -0300,0,2022-10-03 17:05:47.000 -0300
"48153351000169",Marcos alves nunes 88664554153,2022-09-30 00:00:00.000 -0300,"76330000","4781400",N,2023-01-07 20:55:12.927 -0300,2023-01-07 20:55:12.927 -0300,0,2022-12-28 00:24:32.000 -0300
"48334277000187",Alexandra maria Marques Domingues Ferreira,2022-10-18 00:00:00.000 -0300,"08122380","4757100",N,2023-01-07 20:55:12.927 -0300,2023-01-07 20:55:12.927 -0300,0,2023-01-05 23:43:33.000 -0300
"48598053000182",MEUTIME.BET LTDA,2022-11-11 00:00:00.000 -0300,"01310945","9200399",N,2023-01-07 20:55:12.927 -0300,2023-01-07 20:55:12.927 -0300,0,2022-12-29 20:31:10.000 -0300
"48673472000131",VIAGENS E TURISMO LTDA,2015-06-10 00:00:00.000 -0300,"77960000","9602501",N,2023-01-07 20:55:12.927 -0300,2023-01-07 20:55:12.927 -0300,0,2023-01-05 18:12:24.000 -0300
"48733424000191",universal consultoria cobrança de recuperação de cred,1985-05-21 00:00:00.000 -0300,"08577100","7319002",N,2023-01-07 20:55:12.927 -0300,2023-01-07 20:55:12.927 -0300,0,2023-01-02 22:22:08.000 -0300
"51526226000161",MONITEL - COMERCIO E SERVICOS DE ALARMES LTDA,1987-06-17 00:00:00.000 -0300,"17340000","4321500",N,2023-01-07 20:55:12.927 -0300,2023-01-07 20:55:12.927 -0300,0,2022-12-22 17:12:57.000 -0300
